Genres,Title,Duration,Rating,Vote Count
Mystery,Nosferatu,0 days 02:12:00,7.3,175000
Mystery,Blink Twice,0 days 01:42:00,6.5,99000
Mystery,Paddington in Peru,0 days 01:46:00,6.7,16000
Mystery,Juror #2,0 days 01:54:00,7.0,90000
Mystery,Smile 2,0 days 02:07:00,6.7,96000
Mystery,The Watchers,0 days 01:42:00,5.7,55000
Mystery,Trap,0 days 01:45:00,5.8,128000
Mystery,F*** Marry Kill,0 days 01:37:00,5.2,1600
Mystery,The Rule of Jenny Pen,0 days 01:44:00,6.5,548
Mystery,Red One,0 days 02:03:00,6.3,137000
Mystery,Caddo Lake,0 days 01:43:00,6.8,40000
Mystery,Hellboy: The Crooked Man,0 days 01:39:00,4.5,12000
Mystery,It's What's Inside,0 days 01:43:00,6.6,40000
Mystery,Cuckoo,0 days 01:42:00,5.7,25000
Mystery,Love Lies Bleeding,0 days 01:44:00,6.6,55000
Mystery,Absolution,0 days 01:52:00,5.2,7300
Mystery,Sleeping Dogs,0 days 01:50:00,6.2,21000
Mystery,The Instigators,0 days 01:41:00,6.2,37000
Mystery,Blackwater Lane,0 days 01:48:00,4.6,1700
Mystery,Killer Heat,0 days 01:35:00,5.6,13000
Mystery,Time Cut,0 days 01:31:00,5.0,18000
Mystery,The Damned,0 days 01:29:00,5.7,3600
Mystery,Watchmen: Chapter I,0 days 01:23:00,7.0,6200
Mystery,Long Gone Heroes,0 days 01:41:00,5.2,944
Mystery,Exhuma,0 days 02:14:00,6.9,22000
Mystery,Die Alone,0 days 01:31:00,5.7,2500
Mystery,Monster Summer,0 days 01:37:00,5.7,3400
Mystery,Outbreak,0 days 01:28:00,4.5,793
Mystery,Afraid,0 days 01:24:00,5.2,13000
Mystery,The Dead Thing,0 days 01:34:00,4.7,776
Mystery,Boneyard,0 days 01:36:00,4.1,4800
Mystery,Watchmen: Chapter II,0 days 01:30:00,7.0,2700
Mystery,Night Swim,0 days 01:38:00,4.7,27000
Mystery,The Lost Daughter,0 days 01:39:00,5.8,275
Mystery,Damaged,0 days 01:37:00,4.7,7100
Mystery,Kishkindha Kaandam,0 days 02:13:00,8.0,11000
Mystery,Imaginary,0 days 01:44:00,4.7,17000
Mystery,Orion and the Dark,0 days 01:33:00,6.3,17000
Mystery,The Girl in the Pool,0 days 01:29:00,4.3,1400
Mystery,Force of Nature: The Dry 2,0 days 02:00:00,5.9,6600
Mystery,A Sacrifice,0 days 01:34:00,5.1,5000
Mystery,The Soul Eater,0 days 01:48:00,5.9,2400
Mystery,The Best Christmas Pageant Ever,0 days 01:39:00,6.8,6000
Mystery,The Sand Castle,0 days 01:38:00,4.7,1600
Mystery,Sookshma Darshini,0 days 02:22:00,7.8,9300
Mystery,Turtles All the Way Down,0 days 01:51:00,6.6,6800
Mystery,Colors of Evil: Red,0 days 01:51:00,6.4,8300
Mystery,Strictly Confidential,0 days 01:34:00,2.8,824
Mystery,Reunion,0 days 01:30:00,5.6,3400
Mystery,Drugstore June,0 days 01:31:00,5.3,1600
Mystery,Depravity,0 days 01:57:00,4.3,898
Mystery,Pedro Páramo,0 days 02:10:00,6.3,2800
Mystery,Sikandar Ka Muqaddar,0 days 02:22:00,6.0,24000
Mystery,Drive Back,0 days 01:34:00,4.7,286
Mystery,Skincare,0 days 01:36:00,5.7,4100
Mystery,Badland Hunters,0 days 01:47:00,5.9,12000
Mystery,Do Patti,0 days 02:06:00,6.4,68000
Mystery,Handling the Undead,0 days 01:37:00,5.4,4200
Mystery,The Price of Money: A Largo Winch Adventure,0 days 01:40:00,5.1,1100
Mystery,Cellphone,0 days 01:28:00,3.0,692
Mystery,The Image of You,0 days 01:30:00,4.6,790
Mystery,Bougainvillea,0 days 02:18:00,6.4,3000
Mystery,Desert Fiends,0 days 01:46:00,8.5,359
Mystery,The Tiger's Apprentice,0 days 01:24:00,5.8,2100
Mystery,Karma,0 days 02:47:00,8.1,1400
Mystery,City Hunter,0 days 01:42:00,6.3,5500
Mystery,Cult Killer,0 days 01:45:00,4.8,2700
Mystery,Believer,0 days 01:48:00,4.5,355
Mystery,Golam,0 days 02:00:00,7.2,5400
Mystery,A Place Called Silence,0 days 01:59:00,6.5,1200
Mystery,Hidden Face,0 days 01:55:00,6.1,466
Mystery,Cinderella's Revenge,0 days 01:25:00,3.7,1100
Mystery,Crescent City,0 days 01:43:00,3.9,1300
Mystery,Inheritance,0 days 01:34:00,5.1,3400
Mystery,Cinderella's Curse,0 days 01:22:00,3.3,1300
Mystery,Rippy,0 days 01:23:00,4.1,812
Mystery,Dan Da Dan: First Encounter,0 days 01:23:00,8.2,2500
Mystery,The American Backyard,0 days 01:47:00,6.2,126
Mystery,Witchboard,0 days 01:55:00,7.6,86
Mystery,#AMFAD: All My Friends Are Dead,0 days 01:31:00,4.5,1200
Mystery,Mr. K,0 days 01:34:00,6.2,346
Mystery,American Star,0 days 01:47:00,5.5,2400
Mystery,The Hangman,0 days 01:32:00,3.3,983
Mystery,Gaami,0 days 02:27:00,6.4,2000
Mystery,Mononoke the Movie: The Phantom in the Rain,0 days 01:29:00,6.8,1100
Mystery,Compulsion,0 days 01:34:00,3.8,4400
Mystery,Bloodline Killer,0 days 01:45:00,3.4,158
Mystery,Dark Night of the Soul,0 days 02:01:00,6.9,430
Mystery,Arcadia,0 days 01:39:00,5.4,815
Mystery,Revolver,0 days 01:54:00,5.9,403
Mystery,The Monster Beneath Us,0 days 01:43:00,5.2,117
Mystery,Held Hostage in My House,0 days 01:30:00,6.1,91
Mystery,Perewangan,0 days 01:49:00,5.6,1100
Mystery,Rakshana,0 days 02:19:00,7.6,87
Mystery,Saint Clare,0 days 01:32:00,7.2,4400
Mystery,Thalavan,0 days 02:11:00,6.9,265
Mystery,Heresy,0 days 01:01:00,7.1,2700
Mystery,Black,0 days 01:55:00,7.4,10000
Mystery,Anweshippin Kandethum,0 days 02:22:00,6.5,59
Mystery,What Happened to Suzy,0 days 01:34:00,5.7,71
Mystery,Memes & Nightmares,0 days 01:21:00,6.4,768
Mystery,Chaalchitro: The Frame Fatale,0 days 02:04:00,6.5,32
Mystery,About a Hero,0 days 01:24:00,4.1,2200
Mystery,ClearMind,0 days 01:25:00,6.7,55
Mystery,Seeds,0 days 01:22:00,3.5,177
Mystery,The Manifestation,0 days 01:24:00,4.2,368
Mystery,Stupid Games,0 days 01:26:00,5.8,51000
Mystery,Murder Mubarak,0 days 02:20:00,4.3,168
Mystery,Go Away,0 days 01:38:00,6.4,105
Mystery,Triumph,0 days 01:35:00,5.0,542
Mystery,From Darkness,0 days 01:34:00,6.9,41
Mystery,Bone Lake,0 days 02:24:00,6.9,30000
Mystery,Merry Christmas,0 days 01:29:00,5.9,3200
Mystery,They Called Him Mostly Harmless,0 days 01:49:00,4.7,629
Mystery,Killer Body Count,0 days 01:29:00,4.2,178
Mystery,Deadly Invitations,0 days 01:56:00,4.3,194
Mystery,Salawahan,0 days 01:20:00,3.9,164
Mystery,Amp House Massacre,0 days 02:48:00,6.9,576
Mystery,Agastya - Chapter 1,0 days 01:42:00,6.4,1200
Mystery,Following,0 days 01:28:00,5.4,691
Mystery,Horror in the High Desert 3: Firewatch,0 days 02:12:00,5.8,6700
Mystery,Phir Aayi Hasseen Dillruba,0 days 01:55:00,3.8,123
Mystery,The Private Eye,0 days 01:29:00,6.8,44
Mystery,In Our Blood,0 days 01:54:00,6.4,96
Mystery,Gazer,0 days 01:48:00,6.2,416
Mystery,Shigatsu ni nareba kanojo wa,0 days 01:52:00,5.7,255
Mystery,The Yin Yang Master Zero,0 days 02:21:00,7.5,383
Mystery,Solvent,0 days 01:32:00,6.3,259
Mystery,Bhoothaddam Bhaskar Narayana,0 days 01:50:00,3.3,171
Mystery,Chapel,0 days 01:33:00,5.2,1300
Mystery,Borderless Fog,0 days 01:33:00,3.8,111
Mystery,Its Name Was Mormo,0 days 01:39:00,7.9,44
Mystery,Algiers,0 days 01:03:00,6.7,394
Mystery,Brief History of a Family,0 days 01:56:00,6.2,7
Mystery,The Backrooms,0 days 01:50:00,6.8,70
Mystery,The Redemption of Sin,0 days 01:54:00,5.8,1200
Mystery,10 Days of a Curious Man,0 days 01:36:00,6.3,1900
Mystery,Rautu Ka Raaz,0 days 02:02:00,9.0,44
Mystery,Hunting Matthew Nichols,0 days 01:35:00,5.7,4100
Mystery,Dancing Village: The Curse Begins,0 days 01:16:00,4.2,352
Mystery,Paranoia,0 days 02:23:00,7.0,42
Mystery,Haze,0 days 01:29:00,6.5,4100
Mystery,Abraham Ozler,0 days 01:12:00,5.0,30
Mystery,Karma's a Bitch,0 days 01:29:00,4.8,29
Mystery,The Stalking,0 days 02:13:00,4.1,441
Mystery,Last Stop: Rocafort St.,0 days 01:22:00,6.9,1100
Mystery,Sheriff,0 days 01:46:00,4.9,44
Mystery,Portraits,0 days 02:08:00,8.0,41
Mystery,Glass Casa,0 days 01:38:00,7.7,43
Mystery,Doctor X: The Movie,0 days 01:22:00,8.3,18
Mystery,Dirty Boy,0 days 01:31:00,3.7,301
Mystery,9 Windows,0 days 01:30:00,6.9,16
Mystery,Karina,0 days 01:28:00,5.6,310
Mystery,Drive,0 days 01:40:00,4.0,356
Mystery,Murder and Cocktails,0 days 02:01:00,5.4,566
Mystery,Vina: Before 7 Days,0 days 01:23:00,5.9,2200
Mystery,Simbaa,0 days 01:52:00,3.4,218
Mystery,Campton Manor,0 days 00:00:00,6.2,59
Mystery,Transamazonia,0 days 01:45:00,6.4,40
Mystery,Daft State,0 days 01:24:00,6.2,60
Mystery,You Are Not Alone,0 days 01:49:00,8.0,31
Mystery,Ten Toes Down,0 days 02:24:00,2.8,251
Mystery,Killer Influence,0 days 01:19:00,6.6,529
Mystery,Kurukku,0 days 01:40:00,6.9,79
Mystery,Kizumonogatari: Koyomi Vamp,0 days 01:30:00,6.1,449
Mystery,Hunting Daze,0 days 02:05:00,3.5,106
Mystery,Zim Zim Ala Kazim,0 days 02:27:00,6.5,229
Mystery,The Shadow,0 days 01:09:00,8.9,10
Mystery,Pride,0 days 01:35:00,5.4,761
Mystery,Kondal,0 days 01:31:00,4.5,335
Mystery,Carnage for Christmas,0 days 01:30:00,5.8,69
Mystery,The Epidemic,0 days 01:39:00,5.6,46
Mystery,The Temp,0 days 01:51:00,4.8,240
Mystery,You Will Die in 6 Hours,0 days 01:18:00,4.3,218
Mystery,What Happens in Miami,0 days 01:33:00,4.0,210
Mystery,Tenant,0 days 01:21:00,6.8,1400
Mystery,Detective Conan: The Million-Dollar Pentagram,0 days 02:16:00,5.4,4400
Mystery,Aftermath,0 days 02:17:00,6.2,840
Mystery,Dark Feathers: Dance of the Geisha,0 days 01:33:00,4.0,114
Mystery,Shark Island,0 days 01:46:00,6.4,274
Mystery,Naam,0 days 01:29:00,5.3,717
Mystery,Bato: Road to Death,0 days 02:22:00,5.2,29
Mystery,Backfire,0 days 01:45:00,8.0,50
Mystery,200KG Vampire,0 days 01:24:00,5.2,287
Mystery,Morena,0 days 01:22:00,6.7,1200
Mystery,Free Falling,0 days 01:35:00,4.1,462
Mystery,Andhagan,0 days 01:40:00,3.8,183
Mystery,The Ruse,0 days 01:49:00,4.9,91
Mystery,A Stranger in the Woods,0 days 01:44:00,4.9,443
Mystery,House of Lies,0 days 01:51:00,5.1,203
Mystery,O Clube das Mulheres de Negócios,0 days 01:24:00,5.1,244
Mystery,Hunters on a White Field,0 days 01:35:00,5.3,111
Mystery,Dead Man,0 days 01:28:00,6.6,244
Mystery,Tell No Lies,0 days 02:26:00,7.9,15
Mystery,Vertical,0 days 01:40:00,4.5,111
Mystery,Buying Time,0 days 01:25:00,5.6,1300
Mystery,Hello Neighbor,0 days 01:52:00,6.6,530
Mystery,The Night Curse of Reatrei,0 days 01:48:00,4.2,146
Mystery,Beline,0 days 01:15:00,7.3,265
Mystery,Prasanna Vadanam,0 days 01:32:00,6.3,178
Mystery,"Silent Night, Bloody Night 3: Descent",0 days 02:13:00,2.8,333
Mystery,The Haunting of Hollywood,0 days 01:44:00,6.2,58
Mystery,Somebody,0 days 01:41:00,7.4,3800
Mystery,Passages of Nexus,0 days 01:29:00,4.6,74
Mystery,Snow Valley,0 days 01:49:00,5.7,105
Mystery,Faultline,0 days 01:25:00,5.5,188
Mystery,Pogumidam Vegu Thooramillai,0 days 02:05:00,5.1,119
Mystery,Don't Look Back... I Know Your Origins,0 days 01:41:00,6.0,238
Mystery,Take Good Care,0 days 01:50:00,4.9,220
Mystery,Mannequin,0 days 01:45:00,4.8,106
Mystery,Perfect Blue,0 days 01:28:00,4.1,188
Mystery,Døde menn går på ski,0 days 01:52:00,5.3,132
Mystery,Aru Tozasareta Yuki no Sanso de,0 days 01:59:00,6.1,98
Mystery,Water Horse,0 days 02:01:00,6.3,132
Mystery,Next to Us,0 days 01:50:00,5.9,802
Mystery,Daitya,0 days 01:38:00,5.5,304
Mystery,Partners,0 days 02:36:00,4.7,154
Mystery,Cheat,0 days 01:39:00,5.2,209
Mystery,A Stranger's Child,0 days 01:45:00,6.2,11
Mystery,Videotheque,0 days 01:40:00,4.8,2200
Mystery,Cidade; Campo,0 days 01:38:00,7.5,39
Mystery,Ranam Aram Thavarel,0 days 01:16:00,9.2,13
Mystery,A Strange House,0 days 01:30:00,3.2,87
Mystery,The Sintern,0 days 01:19:00,6.1,53
Mystery,DNA,0 days 01:24:00,4.1,141
Mystery,Tale of the Land,0 days 01:28:00,9.3,15
Mystery,A Song from the Dark,0 days 01:30:00,6.4,85
Mystery,At Her Feet,0 days 02:20:00,9.1,39
Mystery,First Nights at Freddy's,0 days 02:06:00,5.7,979
Mystery,A Knife in the Dark,0 days 01:49:00,7.4,6200
Mystery,LasseMajas detektivbyrå - Maskoten som försvann,0 days 02:09:00,4.9,94
Mystery,The Star City Murders,0 days 01:52:00,6.2,151
Mystery,An Intruder Among Us,0 days 01:28:00,7.7,90
Mystery,Live or Dead: The García File,0 days 01:25:00,5.9,768
Mystery,Flesh of the Unforgiven,0 days 01:17:00,3.0,136
Mystery,Bodiless,0 days 01:58:00,4.6,105
Mystery,Like Aani Subscribe,0 days 01:10:00,5.0,60
Mystery,The Hunter's Anthology: The Demon Hunter,0 days 01:20:00,4.6,13
Mystery,Octopus with Broken Arms,0 days 01:32:00,8.5,1400
Mystery,Oshi no Ko: The Final Act,0 days 01:19:00,7.3,22
Mystery,The Unseen Sister,0 days 01:32:00,6.4,56
Mystery,Behave,0 days 01:34:00,8.8,35
Mystery,Final Girl: Halloween,0 days 01:30:00,3.7,69
Mystery,Lunacy,0 days 01:44:00,4.7,86
Mystery,The Well,0 days 01:37:00,4.6,75
Mystery,Raktaksha,0 days 02:20:00,7.2,36
Mystery,Grayson's Encounter,0 days 01:26:00,9.4,34
Mystery,A Herança,0 days 01:25:00,5.3,18
Mystery,To Kill a Wolf,0 days 01:29:00,4.5,637
Mystery,The Box,0 days 01:58:00,3.7,152
Mystery,My Husband Hired a Hitman,0 days 00:54:00,5.1,353
Mystery,Suspect,0 days 01:44:00,6.6,32
Mystery,Waterdrop,0 days 01:23:00,8.8,3000
Mystery,Clownface 3,0 days 01:33:00,5.9,73
Mystery,The Gatekeeper,0 days 02:10:00,8.2,308
Mystery,7/G,0 days 01:38:00,7.7,22
Mystery,Séance Games: Metaxu,0 days 01:42:00,7.8,7
Mystery,Cold Blows the Wind,0 days 01:15:00,6.7,70
Mystery,Anak Perjanjian Syaitan 2,0 days 01:34:00,6.9,627
Mystery,The Birthday Boy,0 days 01:01:00,6.0,41
Mystery,Huggin Molly,0 days 01:57:00,7.3,34
Mystery,Vivekam,0 days 01:26:00,4.0,38
Mystery,The Whisper Within the Woods,0 days 01:59:00,2.4,286
Mystery,Best Man Dead Man,0 days 02:25:00,5.8,79
Mystery,Uninvited,0 days 01:39:00,10.0,6
Mystery,Athomugam,0 days 01:43:00,4.5,52
Mystery,Housekeeping,0 days 02:31:00,7.5,6
Mystery,Mesken (Messuage),0 days 01:26:00,8.6,24
Mystery,The Last Chainsaw Massacre,0 days 01:25:00,6.1,157
Mystery,A Thousand Cuts,0 days 01:20:00,2.8,10
Mystery,Amityville Turkey Day,0 days 01:13:00,6.0,551
Mystery,Kuramerukagari,0 days 01:30:00,5.1,149
Mystery,Rukhwat,0 days 01:56:00,3.5,270
Mystery,Insane Like Me?,0 days 01:26:00,4.4,370
Mystery,Advent,0 days 01:22:00,5.8,61
Mystery,Anno 2020,0 days 01:37:00,4.6,12
Mystery,While You Were Sleeping,0 days 01:38:00,3.3,237
Mystery,Burning Butterflies,0 days 01:34:00,6.4,35
Mystery,Chithini,0 days 01:57:00,5.7,104
Mystery,Danger in the Dorm,0 days 01:30:00,4.8,303
Mystery,A Cold Grave,0 days 01:33:00,8.2,38
Mystery,Widowbird,0 days 01:17:00,5.3,81
Mystery,Pop the Pickel,0 days 01:49:00,7.9,8
Mystery,Wishes of the Blue Girl,0 days 01:30:00,6.6,45
Mystery,Welcome to the Game,0 days 01:35:00,7.8,24
Mystery,Lipstick on the Glass,0 days 00:00:00,4.2,11
Mystery,The Apocalypse Box,0 days 01:47:00,8.3,43
Mystery,Dark Deceptions,0 days 01:59:00,6.0,192
Mystery,Not Your Average Family,0 days 01:22:00,7.4,92
Mystery,Sam and Colby: The Legends of the Paranormal,0 days 01:30:00,6.5,48
Mystery,Soch - A perception,0 days 01:42:00,2.1,158
Mystery,Crime by Design,0 days 01:21:00,7.5,9
Mystery,Gossip to Die For,0 days 01:01:00,3.1,208
Mystery,LOTUS,0 days 01:31:00,6.2,151
Mystery,A Girl Upstairs,0 days 01:37:00,5.9,31
Mystery,Chapter 51,0 days 01:24:00,5.9,15
Mystery,Black.White.Red.,0 days 01:46:00,6.9,44
Mystery,Flashlight,0 days 01:31:00,5.4,34
Mystery,Nico,0 days 01:54:00,7.3,30
Mystery,Zateryannye,0 days 01:38:00,8.5,37
Mystery,PinkCity: A Psychedelic Meditation,0 days 01:27:00,8.3,36
Mystery,Beneath the Bad,0 days 01:02:00,5.5,277
Mystery,The Secret of Pin-Up Island,0 days 01:40:00,6.0,42
Mystery,Kuchinai sakura,0 days 01:17:00,3.5,98
Mystery,Teddiscare,0 days 02:30:00,7.7,65
Mystery,The Ugly,0 days 01:08:00,5.3,54
Mystery,The Washer,0 days 01:38:00,7.3,12
Mystery,Room 0,0 days 02:21:00,8.4,22
Mystery,Meitantei Conan Bâsasu Kaitô Kiddo,0 days 01:05:00,4.9,26
Mystery,The Fall of 2008,0 days 01:40:00,7.3,12
Mystery,Maid to Kill,0 days 01:40:00,7.2,17
Mystery,We Are Tourists,0 days 01:25:00,8.2,25
Mystery,Hidden Memories,0 days 01:08:00,8.6,21
Mystery,Scarlet Blue,0 days 02:30:00,7.2,15
Mystery,Apatiya,0 days 01:45:00,5.3,27
Mystery,Four Nights in Fear Forest,0 days 01:30:00,6.4,19
Mystery,Wicked Season,0 days 01:02:00,8.0,5
Mystery,I Married as the Replacement Bride,0 days 01:57:00,4.5,194
Mystery,Clasat,0 days 01:35:00,5.0,10
Mystery,Kaljiga,0 days 01:35:00,5.5,241
Mystery,Thy Will Be Done,0 days 01:42:00,8.8,32
Mystery,The Hole Story,0 days 01:27:00,5.6,17
Mystery,Dr. Jason II - Lights & Shadows,0 days 01:19:00,5.8,19
Mystery,Scopophobia,0 days 01:50:00,6.5,7
Mystery,Foreclosure 2,0 days 01:48:00,4.2,31
Mystery,Haunting Trophies,0 days 01:28:00,6.4,20
Mystery,DreadClub: Vampire's Verdict,0 days 01:40:00,6.7,60
Mystery,Los capítulos perdidos,0 days 01:03:00,8.4,12
Mystery,The Twelve Step Strangler,0 days 01:36:00,4.4,17
Mystery,Tilottoma,0 days 01:21:00,5.4,17
Mystery,The Women in the Lakes,0 days 01:01:00,7.6,59
Mystery,Shadows of Betrayal: Chronicles of Ian Blair,0 days 01:40:00,9.1,27
Mystery,Nature Cat's Nature Movie Special Extraordinaire,0 days 01:54:00,7.2,8
Mystery,The Legend of the Vagabond Queen of Lagos,0 days 01:27:00,4.8,168
Mystery,Dream Lock,0 days 01:49:00,3.9,39
Mystery,Di Renjie: Tongtian xuan an,0 days 01:55:00,7.8,21
Mystery,Winner,0 days 01:53:00,5.3,65
Mystery,Husna,0 days 01:32:00,6.1,19
Mystery,The Mermaid,0 days 01:21:00,6.2,14
Mystery,Cora,0 days 01:24:00,7.5,33
Mystery,This Land of Mine,0 days 01:51:00,7.0,7
Mystery,Viral,0 days 02:26:00,4.8,17
Mystery,Birthmark,0 days 01:55:00,6.2,22
Mystery,Who Killed Terrance Brown?,0 days 01:16:00,5.6,323
Mystery,Ictus: Paciente Cero,0 days 01:50:00,8.6,118
Mystery,Real Life Fiction,0 days 01:56:00,7.7,7
Mystery,Ruki vverkh!,0 days 01:52:00,6.3,7
Mystery,#Models Wanted,0 days 01:21:00,6.6,14
Mystery,10/31 Part 4,0 days 01:16:00,6.5,6
Mystery,Blue Christmas,0 days 02:07:00,6.3,183
Mystery,Danyang Mahar Tukar Nyawa,0 days 02:14:00,7.7,24
Mystery,L.I.F.E.,0 days 01:45:00,7.0,13
Mystery,A Question of Guilt,0 days 02:09:00,8.7,16
Mystery,The Mystery of Humanoid Puppet,0 days 01:39:00,7.2,10
Mystery,King Saud,0 days 01:40:00,6.2,22
Mystery,The Journalist,0 days 01:39:00,3.4,12
Mystery,Treasures of Terror Vol 1,0 days 01:36:00,8.0,1100
Mystery,Unknown Caller,0 days 01:31:00,9.7,6
Mystery,Fanum: Ombre dal passato,0 days 02:33:00,8.4,168
Mystery,Dirty Thirty,0 days 01:25:00,6.1,24
Mystery,Fidan,0 days 01:30:00,5.6,26
Mystery,American Dirge,0 days 01:42:00,8.0,8
Mystery,Bo Nan Za,0 days 01:47:00,5.9,81
Mystery,The Stranger,0 days 01:34:00,7.0,6
Mystery,Nayan Rahasya,0 days 01:47:00,7.0,8
Mystery,Una historia y ya...,0 days 01:30:00,8.7,8
Mystery,Last Party,0 days 02:02:00,8.0,12
Mystery,"Rapunzel, El Perro y El Brujo",0 days 01:24:00,6.2,27
Mystery,Miss PJ,0 days 01:30:00,7.2,38
Mystery,The Land of Morning Calm,0 days 02:20:00,7.4,1200
Mystery,That person has disappeared,0 days 02:14:00,5.3,13
Mystery,Midnight Taxi,0 days 01:47:00,8.4,5
Mystery,Idealnaya zhertva,0 days 02:00:00,4.8,14
Mystery,Inquietus,0 days 01:56:00,7.0,16
Mystery,Dank Frank,0 days 01:53:00,8.4,19
Mystery,Real Estate Sisters,0 days 02:24:00,8.6,255
Mystery,Perfumed with Mint,0 days 01:12:00,8.4,16
Mystery,Shri Swapankumarer Badami Hyenar Kobole,0 days 01:59:00,8.6,578
Mystery,The Spoils,0 days 01:40:00,9.2,45
Mystery,Muroi Shinji: Yaburezaru Mono,0 days 01:15:00,3.8,758
Mystery,Grimmwood,0 days 01:22:00,9.2,32
Mystery,Dindin,0 days 01:44:00,4.6,14
Mystery,Dead Dead Full Dead,0 days 01:28:00,9.2,194
Mystery,Nasibpura,0 days 01:00:00,5.0,53
Mystery,Swakaryam Sambhavabahulam,0 days 00:51:00,4.9,11
Mystery,Dharma Daiva,0 days 01:31:00,4.2,52
Mystery,When Autumn Comes,0 days 01:21:00,9.1,9
Mystery,The Answer to All Questions,0 days 01:50:00,8.9,38
Mystery,Duplicitous Minds,0 days 01:03:00,8.9,25
Mystery,Gunfighter Paradise,0 days 01:40:00,5.6,1100
Mystery,Astrid's Saints,0 days 01:30:00,7.6,53
Mystery,Who Killed Angel Adams?,0 days 02:23:00,8.2,23
Mystery,Jin Qian Bao Lei,0 days 02:00:00,7.6,5
Mystery,Inti Number 13,0 days 01:56:00,8.0,9
Mystery,Tears of Blood,0 days 01:28:00,6.6,17
Mystery,Durga,0 days 01:04:00,8.8,15
Mystery,Dead Boys Club,0 days 01:23:00,8.9,539
Mystery,Ithuvare,0 days 00:47:00,4.9,33
Mystery,Leatherbound,0 days 02:03:00,5.0,7
Mystery,The Victims,0 days 02:00:00,5.5,54
Mystery,El Portal,0 days 02:14:00,8.9,9
Mystery,In Unison,0 days 01:33:00,7.0,8
Mystery,Strangers,0 days 01:11:00,6.1,20
Mystery,Into the Box,0 days 01:17:00,6.4,14
Mystery,Los Alamos,0 days 01:33:00,9.6,57
Mystery,Sanak,0 days 02:01:00,5.6,8
Mystery,The Burned Hand,0 days 00:45:00,7.2,12
Mystery,Malam Keramat,0 days 01:36:00,7.4,17
Mystery,Guadalupe: Mother of Humanity,0 days 01:22:00,6.9,10
Mystery,"I'm Okay, We're Okay",0 days 01:14:00,5.7,27
Mystery,Fragmentos de Olvido,0 days 00:47:00,8.9,19
Mystery,Satham Indri Mutham Tha,0 days 01:15:00,6.8,21
Mystery,What Lies Within,0 days 01:37:00,8.5,8
Mystery,Danger Zone,0 days 01:37:00,8.0,9
Mystery,Giant fish,0 days 01:46:00,7.7,8
Mystery,Problematic Intentions,0 days 01:49:00,7.2,6
Mystery,Odile: Opening before Christmas,0 days 02:05:00,8.4,20
Mystery,Sragaal,0 days 01:46:00,6.0,9
Mystery,Ellige Payana Yavudo Daari,0 days 01:32:00,8.7,8
Mystery,Entre Paris et Leuven,0 days 01:16:00,6.6,31
Mystery,The Veyshal Movie,0 days 01:24:00,8.2,9
Mystery,Aliens Uncovered: UFOs Over Arizona,0 days 01:25:00,9.3,7
Mystery,Chandranum Policeum,0 days 02:08:00,8.0,8
Mystery,Bigul,0 days 01:30:00,6.6,21
Mystery,Xiang Xi Gui Shi,0 days 01:36:00,3.6,18
Mystery,Secret,0 days 02:18:00,9.1,12
Mystery,Kadhai,0 days 01:35:00,3.3,19
Mystery,The Film Lost to Time,0 days 03:14:00,8.2,5
Mystery,The Director's Cut,0 days 01:54:00,8.6,21
Mystery,Churul,0 days 00:11:00,2.6,7
Mystery,Creatures of Habit,0 days 01:39:00,8.2,6
Mystery,Dream Thief,0 days 01:06:00,6.6,6
Mystery,Strange Magick,0 days 01:26:00,5.7,6
